specimen_id,Genotype
SFLc0046,Heterozygote
SFLc0054,Heterozygote
SFLc0072,Heterozygote
SFLc0096,Derived
SFLc0145,Derived
SFLc0228,Heterozygote
SFLc0229,Heterozygote
SFLc0237,Heterozygote
SFLc0249,Derived
SFLc0280,Derived
SFLc0282,Derived
SFLc0293,Derived
SFLc0312,Ancestral
SFLc0356,Heterozygote
SFLc0383,Ancestral
SFLc0398,Derived
SFLc0403,Heterozygote
SFLc0406,Heterozygote
SFLc0423,Ancestral
SFLc0427,Heterozygote
SFLc0428,Derived
SFLc0431,Heterozygote
SFLc0435,Derived
SFLc0444,Ancestral
SFLc0468,Derived
SFLc0496,Derived
SFLc0508,Heterozygote
SFLc0511,Derived
SFLc0581,Ancestral
SFLc0586,Heterozygote
SFLc0589,Ancestral
SFLc0604,Ancestral
SFLc0614,Ancestral
SFLc0619,Derived
SFLc0631,Heterozygote
SFLc0638,Heterozygote
SFLc0642,Heterozygote
SFLc0650,Heterozygote
SFLc0651,Heterozygote
SFLc0680,Heterozygote
SFLc0683,Heterozygote
SFLc0714,Derived
SFLc0724,Derived
SFLc1460,Heterozygote
Fitz01,Ancestral
Fitz02,Derived
Fitz03,Derived
Fitz04,Ancestral
Fitz05,Ancestral
Fitz06,Heterozygote
Fitz07,Derived
Fitz08,Heterozygote
Fitz09,Heterozygote
Fitz10,Heterozygote
Fitz11,Ancestral
Fitz12,Derived
Daly01,Heterozygote
Daly02,Ancestral
Daly03,Heterozygote
Daly04,Ancestral
Daly05,Derived
Daly06,Heterozygote
Daly07,Ancestral
Daly08,Heterozygote
Roper02,Heterozygote
Roper07,Derived
Roper08,Heterozygote
Roper09,Heterozygote
Roper10,Heterozygote
