NC_066836.1	5304936
NC_066837.1	16896059
NC_066844.1	25539466
NC_066844.1	25539579
NC_066847.1	13333630
NC_066847.1	13363426
NC_066847.1	13376269
NC_066847.1	17587316
NC_066847.1	27782546
NC_066847.1	27782590
NC_066847.1	27782611
NC_066847.1	27783044
NC_066848.1	4432235
NC_066848.1	4432265
NC_066856.1	16166923
NC_066856.1	16177028
NC_066856.1	16178001
NC_066856.1	2922305
NC_066856.1	2922605
NC_066856.1	2992178
NC_066856.1	2992188
NC_066856.1	2993681
NC_066856.1	2995063
NC_066856.1	2996993
NC_066856.1	3001384
